uid, name, email, password
1, Eric Conlon, ejconlon@gmail.com, ericconlon
2, Fan Zhu, fan@openspectruminc.com, fanzhu
3, Nick Stock, stockn@gmail.com, nickstock
4, Erik Laforest, iwantaridenet+eriklaforest@gmail.com, eriklaforest
5, Darren Bradish, iwantaridenet+darrenbradish@gmail.com, darrenbradish
6, Max Marshburn, iwantaridenet+maxmarshburn@gmail.com, maxmarshburn
7, Ashlee Wolfinger, iwantaridenet+ashleewolfinger@gmail.com, ashleewolfinger
8, Tia Hinojos, iwantaridenet+tiahinojos@gmail.com, tiahinojos
9, Clayton Hands, iwantaridenet+claytonhands@gmail.com, claytonhands
10, Christian Discher, iwantaridenet+christiandischer@gmail.com, christiandischer
11, Katy Streater, iwantaridenet+katystreater@gmail.com, katystreater
12, Jessie Vandenbosch, iwantaridenet+jessievandenbosch@gmail.com, jessievandenbosch
13, Cody Smail, iwantaridenet+codysmail@gmail.com, codysmail
14, Kurt Berlanga, iwantaridenet+kurtberlanga@gmail.com, kurtberlanga
15, Lenore Judon, iwantaridenet+lenorejudon@gmail.com, lenorejudon
16, Gay Clayson, iwantaridenet+gayclayson@gmail.com, gayclayson
17, Lilia Venters, iwantaridenet+liliaventers@gmail.com, liliaventers
18, Darren Spiers, iwantaridenet+darrenspiers@gmail.com, darrenspiers
19, Kelly Beaudet, iwantaridenet+kellybeaudet@gmail.com, kellybeaudet
20, Kenya Mery, iwantaridenet+kenyamery@gmail.com, kenyamery
21, Erik Hosford, iwantaridenet+erikhosford@gmail.com, erikhosford
22, Malinda Urbain, iwantaridenet+malindaurbain@gmail.com, malindaurbain
23, Nita Epping, iwantaridenet+nitaepping@gmail.com, nitaepping
24, Jessie Torbert, iwantaridenet+jessietorbert@gmail.com, jessietorbert
25, Carlene Obando, iwantaridenet+carleneorbando@gmail.com, carleneorbando
26, Tyrone Melendrez, iwantaridenet+tyronemelendrez@gmail.com, tyronemelendrez
27, Kenya Fail, iwantaridenet+kenyafail@gmail.com, kenyafail
28, Max Garriott, iwantaridenet+maxgarriott@gmail.com, maxgarriott
